,A,B,C,D
2000-01-01,0.7507267182436516,0.9865085090601835,-1.1660035717952764,0.493852878151196
2000-01-02,1.8415760527452476,0.3430131264619761,-0.8733356110624175,0.13349429708897337
2000-01-03,1.9517613792254116,0.7913618963609851,-1.2283863754318767,-0.10852473492865944
2000-01-04,4.1109382396821275,0.2451424751545067,-1.2985849897116342,-0.24486958927886027
2000-01-05,4.893393226538472,-1.1306284891464715,-3.268527785756687,-0.05382064408067075
2000-01-06,6.165075332749427,0.517191743684478,-3.4178403892407494,-1.105109214612473
2000-01-07,5.4465121329515505,0.8338617390338868,-2.8449768107202624,-0.9396485593835933
2000-01-08,5.929406645771849,-0.08514462522905286,-3.7819584550322665,-2.857494219822159
2000-01-09,5.841316577277662,1.5495523022391808,-3.318552271359454,-3.0032041137136143
2000-01-10,6.1430121678467255,1.606096334780815,-3.6689416766810643,-3.1031372017097705
2000-01-11,5.7838115528836544,0.5714374756008731,-4.138148266984921,-4.931430830133882
2000-01-12,5.6668158680770695,-0.013677796639648299,-3.1590992497000685,-4.556303649966176
2000-01-13,4.719944621795945,-0.6488648093725375,-2.955346682106255,-4.204722178809235
2000-01-14,5.531417894611164,-1.4216004643040323,-3.8982508103621445,-3.0798656040829284
2000-01-15,5.361082699041793,-0.6703093133288209,-5.878254967101972,-3.9028219344414903
2000-01-16,5.128264402798617,0.44247838696614195,-5.738582990694395,-2.1190809963604926
2000-01-17,4.883423556962528,-0.1911588203867377,-5.350802925122577,-3.1275170436533717
2000-01-18,4.537819769724776,-1.0987055197465652,-4.376903201295747,-2.641556661393781
2000-01-19,3.7104887802109596,-1.843540506195802,-7.134290063023656,-3.6848059214144486
2000-01-20,4.326418760419007,-2.3305379901399625,-7.136167135549066,-2.7697869756034996
2000-01-21,3.562516790204043,-1.8791165804415342,-7.886516531117206,-2.9591428208345896
2000-01-22,4.115189066088815,-2.45012151430572,-7.911745644325582,-2.5765789197309483
2000-01-23,5.498129521159285,-3.38257967978361,-8.314072534086751,-3.6961270552761456
2000-01-24,6.519005054786005,-3.766689150151,-8.017966212478543,-4.111477582706695
2000-01-25,5.474267764027926,-3.019828620294807,-8.256672776221436,-2.369373642768979
2000-01-26,5.416576303645077,-4.118777727342648,-9.189594649409091,-2.3862128690467754
2000-01-27,5.02706541218517,-4.68337293051274,-10.04727064585728,-1.6166308353387278
2000-01-28,6.60345760957056,-5.03803038135838,-8.262383974421262,-1.7298051308077882
2000-01-29,6.494092261079642,-5.2858374841741265,-9.08890342861726,-1.2957214307404645
2000-01-30,6.558689888241316,-6.201576411509528,-7.9604633216659195,-1.8374964275900065
2000-01-31,7.810275145703965,-5.985012571908244,-7.0399505128946265,-2.0406680084351554
2000-02-01,7.977410237857086,-5.2143735372287425,-6.947080489256895,-1.9679077478174924
2000-02-02,7.152988569537678,-5.667675286864584,-6.845307217806498,-2.420623033151058
2000-02-03,4.494713857656607,-5.883480135242869,-6.123069015002096,-2.499614019093562
2000-02-04,4.665638239441715,-5.756409956834739,-4.638858529804429,-4.383791285810911
2000-02-05,4.532444418030613,-6.948199183641059,-3.1861117162038144,-4.549935281672728
2000-02-06,3.256992101991423,-6.372419991836242,-1.423725926182574,-3.9928212246464847
2000-02-07,1.9722927671736825,-6.165291376282026,-0.7094673956324118,-4.907521363322186
2000-02-08,4.402853704607486,-6.598968583698225,-2.6783422688118494,-4.656266814270526
2000-02-09,4.12952852719725,-5.991896061492031,-1.9792234895553742,-5.618040611948037
2000-02-10,4.80055026341674,-6.296825028521923,-2.992695617030697,-4.710473510870401
2000-02-11,4.01931037429465,-4.829910565021678,-3.1833031026510477,-5.409375960215877
2000-02-12,3.4305433428417453,-3.7890433498444613,-2.2692927702208774,-4.355437417169318
2000-02-13,2.821035886079189,-5.292766889591371,-2.4175286428560154,-4.371184276486175
2000-02-14,4.6783865355959815,-5.797442744510793,-2.9460258210326176,-3.601388625391974
2000-02-15,5.780873867366453,-6.268331794464914,-0.7459867508261855,-3.9732608698884935
2000-02-16,4.238971753625849,-4.425721647810569,-0.49841809208493537,-4.92821541623533
2000-02-17,5.003050108858737,-4.421326106563962,-0.19595985913947223,-5.061639719926893
2000-02-18,5.398807070067533,-2.7462794966229414,-0.7957801103008644,-5.020841800162968
2000-02-19,5.267326377915169,-2.0154439904391097,-2.188445286129121,-5.352452282748357
2000-02-20,5.20217666275273,-1.164988357269293,-3.0198910548354343,-4.983036956670517
2000-02-21,5.132838796074816,-1.6220886376946355,-3.634594272624726,-5.166644413856248
2000-02-22,4.99612852173801,-3.3974096962289133,-2.830947871365042,-6.4241843308004
2000-02-23,6.680106983660506,-4.486788863696345,-2.4317786994000565,-6.444446985370406
2000-02-24,6.861529712486588,-3.7574746302569046,-3.5210579938794355,-4.726848330214477
2000-02-25,8.067928152520375,-3.435360352444936,-4.718478002750972,-5.040878582343523
2000-02-26,8.41202044799969,-2.185233407580233,-7.1789113278258405,-5.558182281079317
2000-02-27,6.26673784884836,-0.5765676740024728,-6.973080045487559,-6.937373049874084
2000-02-28,8.03968383202826,-0.10196483484673613,-7.06459668026697,-7.2802657616277955
2000-02-29,8.709153428447856,-0.20985636592647827,-6.37245544909103,-6.852868962830359
2000-03-01,8.861909478391725,0.6535109960387214,-5.6280678798442985,-6.787667186767219
2000-03-02,8.043750258675178,0.22966362668089996,-7.000458345159145,-5.680903778017257
2000-03-03,8.327637879266241,-0.18803477182901812,-6.550160585796,-4.164079195396737
2000-03-04,7.965222020553375,1.211045621607369,-6.502661667907376,-5.875214732405075
2000-03-05,6.882448351808667,0.48999464418933303,-7.39415060765346,-5.030234427815814
2000-03-06,9.316065765327071,2.1623480691228876,-7.442069880172099,-4.755359524669841
2000-03-07,9.956192796442444,3.2773003003567265,-7.045807967587397,-3.5715968895979873
2000-03-08,10.445738324083264,2.427739632118685,-7.471141198152764,-5.265793896207687
2000-03-09,10.014381936154678,3.2382825236959865,-6.7614607912090205,-3.830410369250706
2000-03-10,9.948236044886704,2.7003317457687426,-4.292521727400182,-3.4415534792570797
2000-03-11,9.751532831163473,2.8466602292392373,-4.804388032666866,-2.597534512858285
2000-03-12,8.764979650440779,3.5900398670235596,-4.815987858348511,-1.636076030890385
2000-03-13,8.862285105246025,4.835901155751624,-6.593973855999634,-1.1257976181190545
2000-03-14,9.722872101082224,4.159987330372498,-6.345009654368745,-1.0052081674003897
2000-03-15,9.946129449809835,4.77988923830026,-4.998769051728883,-0.807013044969558
2000-03-16,9.96813228569578,5.516123655090691,-4.602996925500539,-0.8948707918678006
2000-03-17,10.976416339498776,5.907329869945144,-6.449085698419393,-1.254122653233564
2000-03-18,11.118618156543336,5.391132682991629,-7.6407379118838605,-0.9296719434368805
2000-03-19,10.809249161164413,6.0962808838053135,-7.407058626958982,0.350324877818875
2000-03-20,9.207964929272388,7.251061928976596,-8.874470354504016,0.08355971225780429
2000-03-21,6.410662090669087,7.045073619604866,-8.051753714809545,0.2401634239029589
2000-03-22,5.67070189648667,7.700220827096936,-7.709590982934571,0.09869384390307503
2000-03-23,5.374896748362666,7.316570067362919,-6.977855489646117,-1.3211558422734915
2000-03-24,6.963645435347093,6.293497430608519,-7.069921252550043,-2.1683089448966215
2000-03-25,7.325438307401967,7.179894953981277,-7.179402519005331,-2.13452290914725
2000-03-26,7.510618965547652,8.344277692033437,-8.08943087314091,-2.624163689389035
2000-03-27,6.833830073109285,8.018287275858375,-7.1134770770699145,-3.364638286861986
2000-03-28,7.613284561163985,8.981784447415317,-5.763037091811154,-3.717226359778642
2000-03-29,7.247540412832167,9.682480494579433,-7.156148746337332,-2.2732955583154957
2000-03-30,6.735401502932648,10.107748625624525,-7.4213741838602125,-2.760327831505874
2000-03-31,6.650892014978014,9.95391128194994,-9.274276940459362,-3.0863603970170033
2000-04-01,5.074927763535696,9.052964490807092,-9.653003943554813,-4.2174505144013645
2000-04-02,4.989761079400288,8.653967627598593,-9.782868499213835,-3.8216603089673153
2000-04-03,5.152448394721768,7.938201932116129,-10.049562416376684,-3.777175896041617
2000-04-04,4.8110113901500755,9.791038441706647,-10.85051883693981,-3.389569814429486
2000-04-05,4.707357271354975,9.853428669412487,-9.997169698980125,-4.138855120961447
2000-04-06,4.941331419795423,10.432300770889036,-11.163042981459629,-5.947959167188681
2000-04-07,5.8648895285439195,8.652915399793471,-10.653658277837705,-7.170908247273308
2000-04-08,4.346666733016839,9.453593310443772,-10.796789417778047,-6.2276422800677045
2000-04-09,4.154152175795945,8.407973740755274,-10.041614531504479,-7.707451316751136
2000-04-10,3.4739652818915108,10.616471664630563,-9.54620432310906,-8.157546548408343
2000-04-11,2.42158384362624,10.723348224133845,-10.48519679929514,-9.726314227752109
2000-04-12,1.0652701385714396,10.806682905944674,-11.022300490733816,-9.973173082123157
2000-04-13,1.0774057869974738,9.784548133019962,-11.710709739186756,-10.686770896150673
2000-04-14,0.5111082431920531,10.755793146407028,-11.908959389776685,-10.81916541545905
2000-04-15,-0.586855714892921,11.71533524516532,-12.416852980549846,-11.75317032672644
2000-04-16,-1.8410995318330876,12.007221872670979,-11.970661989016515,-12.056579934000062
2000-04-17,-2.4454198219251833,10.155733780970863,-11.646434992004684,-10.451863709937161
2000-04-18,-0.24539885323109578,12.232189018513864,-10.414684864183632,-10.137561915860385
2000-04-19,0.9899286220657197,13.740733551147919,-10.1651250978788,-8.83843330157025
2000-04-20,0.9551907302936976,13.271167339071683,-9.433848839881051,-7.439252127013737
2000-04-21,1.9460916299127877,13.399845011416419,-9.255480822448657,-8.312693801681313
2000-04-22,2.566897774627588,12.810692494615425,-8.721662191362494,-9.331524359420484
2000-04-23,2.575194500167239,12.398177792967426,-7.704162917267716,-10.08284355899035
2000-04-24,2.0004935299927,11.022870109500808,-8.395319902498905,-11.223860141964733
2000-04-25,1.867319943926114,12.017437101239343,-7.166979589553795,-13.262510466090188
2000-04-26,1.3615442466329783,13.162572973947727,-8.105651281712278,-11.449271233942287
2000-04-27,1.111748258855611,12.692539579055968,-8.023845013789934,-12.03216484415117
2000-04-28,0.10436207290864985,13.37457163602718,-8.020756510656884,-12.690615838537145
2000-04-29,-0.2283050970744695,12.805120483424854,-7.303273013336419,-11.392019574773604
2000-04-30,1.8548362950220878,12.777942255502085,-7.096328816906059,-12.297662786954493
2000-05-01,3.6167143959140917,14.494381100694248,-7.862422200043494,-11.430638863161327
2000-05-02,3.8354679718807776,14.190640750855495,-8.03972892866824,-12.30843419806023
2000-05-03,2.8802804436445397,13.633037471938167,-8.22014929952215,-10.195599478182785
2000-05-04,1.497723651546254,12.642112016935847,-8.572177770919764,-9.731844617469209
2000-05-05,1.3154390595470176,12.414523210581786,-9.760056094681794,-10.409454664487475
2000-05-06,3.011542187079284,13.845864243251835,-8.81376819111364,-10.582055868732702
2000-05-07,0.9533580511794999,13.66299422745737,-8.137051160512598,-11.363858767858565
2000-05-08,-0.26005673533880547,12.302195913583482,-9.174785590991679,-11.772231189375649
2000-05-09,-1.8116591711520613,12.123491737623558,-8.748809889207832,-10.80333382199288
2000-05-10,-1.0219194628229196,11.230629831204624,-8.284845142069225,-11.787929593751228
2000-05-11,-2.310696882620926,10.024477339771003,-7.161289569594507,-13.162121441804521
2000-05-12,0.521447146248013,11.825884531726437,-8.353403515645423,-13.490383766578873
2000-05-13,1.6459564517602878,11.865217968147745,-8.306658076630894,-12.93501211036418
2000-05-14,1.2436216376241416,11.450193883487445,-8.867918435770715,-13.111795530382118
2000-05-15,1.878237604139623,11.843876094602832,-9.602546376003778,-11.314985641439954
2000-05-16,2.3888618236230945,12.41349241091479,-8.602720956037285,-10.371943675128245
2000-05-17,1.7084389633225467,15.075127588179779,-7.102116469391674,-10.476095470158366
2000-05-18,1.7007951325192106,14.761424565871694,-6.915956032690019,-9.375612572733056
2000-05-19,0.8436977393471119,14.970659695541762,-6.018439162209945,-8.915380304062152
2000-05-20,1.3644815727948654,16.112842204312805,-4.913885108181516,-8.795493839634522
2000-05-21,2.02915278028773,15.40867241445753,-4.74015890954192,-9.557508403795932
2000-05-22,0.6406842294307109,14.598880486220768,-5.627031460796393,-9.93559356171569
2000-05-23,1.9136953416954268,14.614508216629925,-5.689252362036399,-8.355272579739646
2000-05-24,3.559264282532024,14.074762781309593,-5.088892994799737,-9.203560694908381
2000-05-25,3.40612227027042,13.512287771798395,-5.891157320676666,-8.450639208045944
2000-05-26,3.661874417451207,13.047242156883735,-6.303376034769542,-8.786168522836874
2000-05-27,4.593632769107492,14.987323935376821,-5.226891707664149,-9.574543898802062
2000-05-28,5.586911354154092,15.347577630469633,-5.646339299386711,-9.554364739646523
2000-05-29,6.063249520651508,15.826765382977905,-4.280823330372966,-9.627785650541924
2000-05-30,5.460955965413186,15.802132383029466,-3.8775170812817836,-11.25961204994497
2000-05-31,4.345686615489,16.65195635036713,-3.411407616403714,-12.568880487071798
2000-06-01,3.4455345538944986,16.025844026678215,-2.817087190791339,-12.049673650959956
2000-06-02,1.4627443339867634,15.984866379928116,-1.2044283600484271,-11.49925002252329
2000-06-03,0.927386507599581,15.048540238855113,-2.0529513296274127,-11.754170166125967
2000-06-04,2.3871303253404417,14.907816152828751,-2.574025504048765,-10.470963238778472
2000-06-05,2.300588264776302,14.149701732728953,-3.610739932885534,-13.45822829180938
2000-06-06,1.4736595720994663,14.966856688970232,-4.476689243033515,-13.785385389075955
2000-06-07,1.3973475403970257,16.35287098405346,-5.334076226404248,-13.329918873569952
2000-06-08,0.645134376180256,17.294235187271703,-4.199064629439314,-11.598255586757269
2000-06-09,-1.370368608197349,16.83145314559753,-4.28517600036469,-11.139376309567718
2000-06-10,-2.2700321451187615,15.473790245146015,-3.7367249572114867,-11.122245586062082
2000-06-11,-3.586552257128311,14.889459973713379,-3.553949472786615,-10.754931830005809
2000-06-12,-3.5157276030814963,15.468057482393943,-3.5545842149748097,-10.660082513572574
2000-06-13,-4.0437882358132144,14.604246663405348,-5.373760713779769,-10.583378151667075
2000-06-14,-4.233862531826962,15.263311071228934,-5.769719493210263,-8.903563812915907
2000-06-15,-4.336945333852712,14.78751122952785,-6.7004539514577885,-9.745758244206666
2000-06-16,-5.729755212065738,13.149857719178494,-7.2411888336839905,-9.256001131578724
2000-06-17,-5.66534688348095,12.22890311524569,-6.36332126999984,-10.454750654165013
2000-06-18,-4.8683111338875324,10.694828184166107,-7.68523044699433,-10.371244954289608
2000-06-19,-4.868413397868748,12.852922696469733,-8.12950831576089,-10.624626729908746
2000-06-20,-5.8430076212292565,14.423360986896595,-7.710000192006742,-10.848025833627522
2000-06-21,-6.212833814363116,16.239909323233398,-7.003555389856577,-11.034121539872055
2000-06-22,-5.669202979410911,16.58945104048703,-4.92186606700565,-11.016779472294353
2000-06-23,-4.956976119952946,18.08255153283725,-5.432665740369924,-10.229548627434694
2000-06-24,-4.381053770005204,19.005952068139283,-4.35842449269066,-9.997661239797502
2000-06-25,-3.724509931363129,18.93904739056967,-4.202177220444036,-8.385071051876666
2000-06-26,-3.314695570007763,18.616975412527733,-3.9152061315249447,-8.047428178054384
2000-06-27,-1.9523428499269346,20.516045871290533,-4.182258080277067,-8.031568117543248
2000-06-28,-3.3375688918574253,20.575321781792244,-4.6239843768624835,-7.329834531559518
2000-06-29,-1.6203800645406552,22.610415191835706,-4.86714885760251,-6.8071208951914475
2000-06-30,0.7074829004229379,22.38873566415672,-5.931287070405076,-5.955243156546439
2000-07-01,0.7553472658877165,23.747888959313272,-5.4288873357530125,-6.542369053183377
2000-07-02,-0.6527676133247591,21.01867106088306,-5.73187381105928,-5.527052912283709
2000-07-03,-0.5874918102443616,19.5847581746624,-6.809156572167431,-4.649398078253629
2000-07-04,-1.0170137954439298,18.98549860386785,-7.17599438843974,-5.096808594098314
2000-07-05,-2.6882315895626183,18.7773961182211,-8.996847008501796,-4.107553649296648
2000-07-06,-3.3869333026597253,20.797439284530547,-10.20220642316716,-3.733125180846124
2000-07-07,-2.3866591537892887,21.425609440332103,-9.971107824335641,-4.9580707652552745
2000-07-08,-3.016816847762627,22.882655646193122,-9.421757884479904,-4.989672709273186
2000-07-09,-4.364217673954714,23.704250983611054,-7.240529715910965,-6.544704980539471
2000-07-10,-5.063437408212579,24.61169826177508,-7.49325800181689,-6.254321397506092
2000-07-11,-4.992209139533431,24.10230173546394,-6.160502756046605,-6.7771602768525465
2000-07-12,-3.9862618437498822,23.025414152565524,-4.223767071025702,-7.514081554837331
2000-07-13,-4.101135364304899,22.15679418654457,-5.288709420940398,-8.02993796095536
2000-07-14,-5.590265442977316,21.946704374779483,-5.230903141111492,-8.284481727886664
2000-07-15,-6.186062794911629,22.127974474671387,-6.575903575334503,-7.7791444264689
2000-07-16,-5.55426257234144,21.714068640634896,-4.323254204443581,-6.287340747122407
2000-07-17,-4.515469938826867,19.65220036752725,-4.980864504538952,-7.009770213114554
2000-07-18,-5.484400861102589,19.32456701869216,-4.7520020447966855,-7.218035056423315
2000-07-19,-5.572408813142152,19.655308961625273,-5.446087863458409,-7.067288913601466
2000-07-20,-5.006966280394537,17.918411291097765,-5.752239363716439,-9.290523511687388
2000-07-21,-4.854635438646537,17.57270312280001,-4.612113966433426,-10.805515932634282
2000-07-22,-5.664757497582215,17.843327240873073,-4.602658870576041,-10.517023630001654
2000-07-23,-6.195476522468047,17.284041257893673,-4.5154252497989695,-11.496089773196113
2000-07-24,-4.904586757078279,16.86178448606416,-5.1957400996097,-11.278058346500918
2000-07-25,-4.6065698412540135,17.395278556144937,-4.787648960282553,-10.9211980459726
2000-07-26,-3.3741404615696666,16.778217337014258,-5.0486932041682815,-12.288875156006121
2000-07-27,-3.1643133902588683,16.71676766032295,-4.478371710828869,-14.155446197672093
2000-07-28,-3.2892939597140485,15.587724235844892,-4.043932603887458,-12.433249814327588
2000-07-29,-3.7234767495988725,15.230687130254308,-4.322057871057176,-11.571685255894632
2000-07-30,-3.424439039994375,17.313697291296574,-5.6935981808973075,-10.608568430505334
2000-07-31,-4.529658640280386,17.71519788377689,-5.691039187517763,-12.066411249574655
2000-08-01,-4.009098773651242,18.318654292938188,-5.971589501643452,-13.393777819298856
2000-08-02,-3.8558856830008805,17.455078189508818,-6.424962204900608,-12.650271577948011
2000-08-03,-4.070077175126622,17.42931301222082,-6.350194278305961,-12.637545096842555
2000-08-04,-3.567104844500188,18.5650251164053,-5.427112321857617,-13.673329379973607
2000-08-05,-2.5298093969425235,17.64340367126714,-4.656502509627716,-13.067810282581188
2000-08-06,-1.8704661951068302,17.148022720299643,-4.94537768015327,-12.880629303534377
2000-08-07,0.004300613554396149,16.618369609422114,-4.033912896564315,-14.086659696618094
2000-08-08,0.8957062657569288,15.242757018094936,-3.9161818540359947,-13.250293787999754
2000-08-09,2.2254771353177567,16.737326287610696,-5.475078233134389,-12.042149841749604
2000-08-10,1.2648005940518874,15.9228426928844,-6.469870350834252,-11.732491513320033
2000-08-11,2.957166311229005,15.975132135134476,-6.863944869595971,-12.328570180532836
2000-08-12,2.5566565769825944,14.571871467580564,-6.52820556647044,-12.421135439847522
2000-08-13,2.2567230272758287,13.47814825608245,-4.878943187985136,-12.996915971954415
2000-08-14,0.5801296772738918,12.882415696279557,-5.151895432165465,-13.499405011458979
2000-08-15,-1.0330288436653305,14.017546296376578,-3.10331736627679,-13.49900266482576
2000-08-16,-2.5634965010279993,14.08519971326657,-4.0419704911387635,-14.443097759720876
2000-08-17,-1.6109224443985344,15.470489015786903,-2.342798201114909,-12.352760616765657
2000-08-18,-0.3920176954576762,16.968370444551095,-1.9388256366686212,-11.294821132224978
2000-08-19,-1.695562525124227,17.49434652547103,-1.1304373173971647,-12.542862929862709
2000-08-20,-2.529501393434051,18.4150910939283,-0.5768915610259135,-11.801739023942451
2000-08-21,-1.585961214125798,19.416403402054428,-0.4471398634766237,-13.69482160296223
2000-08-22,0.539546902887065,21.26890183525643,-0.6219065483236684,-14.69306596903327
2000-08-23,1.0928490526810748,19.168958732461444,0.12219385994034149,-16.000503781036066
2000-08-24,1.8125658291382347,19.619508168609638,0.6306871804696537,-15.209125236675298
2000-08-25,2.760040139652442,21.0795717408041,0.07590399896276723,-14.966279964509365
2000-08-26,3.0383988479483612,20.764736924691977,1.4108255450477443,-14.658724915462756
2000-08-27,5.444995402185629,19.013369813459136,1.9471658937612246,-13.699055111352438
2000-08-28,6.091178271427579,19.68614792790995,-0.5277852822692544,-13.930650703882794
2000-08-29,7.584932531547042,20.43542097833807,-1.3627513292443199,-14.788747151395912
2000-08-30,7.268148478982222,20.75597416984711,-1.7667192835181698,-13.863539210351272
2000-08-31,7.169239953716015,21.169959460955077,-1.3636838422632493,-13.691158298512624
2000-09-01,6.5724293874089454,21.404966736081562,-0.21420913233886307,-14.211916989016173
2000-09-02,5.401141488537737,22.781980236473338,-1.621034243203894,-15.368498137909558
2000-09-03,5.49106142405284,24.028973560083937,-0.8217965920113295,-15.970027624245011
2000-09-04,2.908005997366993,24.48710931108902,-0.854267572182412,-16.657371317218242
2000-09-05,2.8966430795180487,24.47960517471718,-0.41433242118528,-14.040601247925132
2000-09-06,2.2799957951336762,22.91441157985059,0.20002055931677198,-13.293296717461326
2000-09-07,0.9582004271734901,21.27334912118589,1.3884443620218514,-13.59012247974624
2000-09-08,0.13657519219784897,20.73661931677313,-0.48078123526452377,-13.788290840696742
2000-09-09,0.5679736214402182,20.3255140561948,-1.2946839533938883,-14.828567490051105
2000-09-10,-0.5277144159652336,20.165830056370456,-1.694186598719094,-15.433472235622514
2000-09-11,-0.06843825292373823,20.608196649140446,-1.235508291605155,-14.846410070271963
2000-09-12,-0.9434987902228462,19.554370417651896,-0.45249651351872655,-14.875411876669505
2000-09-13,-2.810931281652681,20.060561993075403,-1.8317136585069296,-13.39554929717202
2000-09-14,-2.3530924991624165,22.26549904582425,-0.805943420393467,-13.6541128689038
2000-09-15,-3.7335142129730583,24.089210442649026,-0.86494964155716,-12.713958864974149
2000-09-16,-5.412812006951636,24.301522520760614,-0.8200637843558304,-11.930819896513881
2000-09-17,-6.9407693732896245,22.29574795370364,-2.87699515031214,-11.75549223468862
2000-09-18,-7.035584781896888,22.696293777594825,-2.2569525037903473,-11.214510374184517
2000-09-19,-8.101816828999205,22.305452210545614,-2.09759207282777,-11.883732816327749
2000-09-20,-8.771976225007718,23.540001849213684,-1.96506452606973,-9.760536719824227
2000-09-21,-7.916494296705134,22.617464740164376,-1.4585888246043992,-8.839100110507989
2000-09-22,-9.259255905703668,22.32040454573582,0.19199675437744035,-8.988607458244527
2000-09-23,-9.038546376509112,22.278983006036164,3.621342250570267,-7.847539578564268
2000-09-24,-9.057068091104378,23.700575976694736,2.3369437008328164,-8.601337760795124
2000-09-25,-7.380704660706744,23.42506273135856,3.2836344830144686,-9.910438419927825
2000-09-26,-6.418273855971776,22.978367220119658,5.229094449063376,-10.485163974886834
2000-09-27,-7.4315973686277,21.805870797783133,4.8225540010456465,-13.348351402939052
2000-09-28,-7.002501700640129,23.9775990513522,4.298967125183112,-14.35188068707834
2000-09-29,-6.881795543105139,24.09457138624249,4.109620886935573,-12.510685407210591
2000-09-30,-6.129175081141028,25.536024417277595,4.62056123315796,-11.338335344216889
2000-10-01,-5.860521719661078,26.87864083639777,5.475427161189153,-11.426855323263373
2000-10-02,-7.454763533951311,25.936014038773585,4.809817209866468,-10.879846191565962
2000-10-03,-7.562052184107436,26.993991710001644,3.4401055276882815,-10.382903163641235
2000-10-04,-7.087272757098702,25.315396491084442,2.211015801316578,-9.595708867813247
2000-10-05,-7.824356109625563,26.368033064134245,2.206113789215207,-10.063428360136125
2000-10-06,-6.737484980959494,25.857792644220694,1.743414168595015,-9.102317628400167
2000-10-07,-7.386203536988236,24.498734030865602,1.169985571534096,-10.044018807976936
2000-10-08,-7.57043918436705,24.310130494494658,0.6260528072825022,-10.884431485504592
2000-10-09,-7.771303110255589,23.935086898670992,-0.4645283904635851,-10.478146268793065
2000-10-10,-6.885075365761535,22.3578224900867,-1.0723716880506173,-10.158574232712402
2000-10-11,-7.798207133219428,22.898439696742834,-2.8857648945179597,-9.29832635485346
2000-10-12,-7.501660227870064,22.933228853992958,-3.7512629409918623,-11.386321126794103
2000-10-13,-6.692980484035242,23.48822065594372,-2.902230981261476,-12.7246950742868
2000-10-14,-6.350737745118644,23.66113887779944,-4.472900398254748,-13.130874261264594
2000-10-15,-6.316674235369872,22.84596339379007,-4.959518431542291,-11.789870141242117
2000-10-16,-6.539278956459611,23.200571350489117,-4.695109122036285,-11.355053704051272
2000-10-17,-6.5535744966537335,23.138491042627933,-5.2246857983187365,-10.65694619933505
2000-10-18,-6.057990001810698,22.59192472111098,-5.347237254594229,-9.04828654760833
2000-10-19,-4.73994107528393,24.038656677594563,-5.475687978182063,-10.286585193901312
2000-10-20,-4.682668777050588,25.44361770822411,-5.6649498484353575,-10.245534244549862
2000-10-21,-4.9397399944152,26.785400987766934,-5.689656723553371,-9.484664232588308
2000-10-22,-5.377535301190687,26.294802262744973,-3.9469761082048693,-10.374334043568714
2000-10-23,-4.615426607254102,26.773338667308874,-4.633892259383966,-11.123555185706028
2000-10-24,-6.117311757160545,25.87719446290405,-4.22968287027864,-11.674198927778207
2000-10-25,-4.620367572453905,26.981568964813807,-5.380951311116552,-11.133873331035607
2000-10-26,-3.267308677421518,26.35219506795782,-4.518625778358945,-10.771688195758902
2000-10-27,-4.535823553866157,26.902720846015452,-2.83232913451731,-11.726805467284011
2000-10-28,-3.248870008791523,26.68361391740984,-2.5545185131371118,-11.687429041340053
2000-10-29,-4.112787874547352,24.63185611873505,-1.0014296331551942,-12.330250204301116
2000-10-30,-4.242421274557465,25.776400496240853,-1.2045645814076416,-12.586396174079683
2000-10-31,-4.671525427642681,25.384798169623913,-1.3828358919590438,-11.324111641641643
2000-11-01,-5.300982693683115,26.188337085462855,-3.68589297432384,-10.464975694618683
2000-11-02,-5.332566066831186,26.81988544740036,-4.080377059832708,-8.988770751275823
2000-11-03,-5.355435427184956,26.364446361216793,-3.5335819311777614,-7.921301340457296
2000-11-04,-4.610869895940347,27.20053146354098,-4.061290640446076,-8.285208842140205
2000-11-05,-6.514887601298793,28.62513938394235,-5.14018692466892,-7.329532775845913
2000-11-06,-6.806241205418185,30.592847793643834,-4.608484478387277,-8.615358693305499
2000-11-07,-7.9961173852754825,30.725271271742965,-5.199787733604344,-9.217958175084044
2000-11-08,-8.3305245921479,30.370048480466338,-6.157448607139312,-9.362012558957726
2000-11-09,-7.901320684066113,28.346237366309886,-6.541501349444819,-10.715830165427331
2000-11-10,-8.71406430179356,29.963690040886092,-7.652260851572012,-11.14638396418517
2000-11-11,-7.7730531493456,30.977735878076903,-9.463829083080496,-10.81673065064529
2000-11-12,-7.640795466144205,30.703695932901947,-8.661963204346893,-10.344828904511193
2000-11-13,-9.29179806684969,29.393574511396082,-8.808485483021151,-9.846295255288416
2000-11-14,-11.748590858848573,29.742275643702733,-7.1990171675128565,-12.237908145151016
2000-11-15,-11.279977168394938,30.340253046254265,-5.957787951672795,-13.47895201759507
2000-11-16,-12.067956939085342,29.495822533278275,-5.08539240296618,-14.329379069019366
2000-11-17,-12.01925236057095,28.00582678803627,-4.477347658650513,-14.78224071771291
2000-11-18,-10.93066111999769,27.645764294200646,-5.427184653093004,-15.558850372438261
2000-11-19,-10.252262746592233,27.753674772054936,-3.7869913743077452,-15.647759818185506
2000-11-20,-9.219095724722855,28.2757076556041,-4.367153370873109,-15.823739759933652
2000-11-21,-10.249362963085664,27.021791799414412,-3.2675777833905393,-15.12157004126093
2000-11-22,-8.411418408207226,26.843523792346637,-3.8793068691064114,-15.0029825345095
2000-11-23,-8.220152145627557,27.54893768356636,-5.540155687801787,-15.23060100219093
2000-11-24,-9.253346408196155,28.21423872051907,-6.613068112553807,-14.600744150021274
2000-11-25,-8.902849226914194,27.85232835026529,-7.226600885832463,-13.98313867655482
2000-11-26,-9.09676524824885,28.39424136389801,-8.34393197974038,-16.282221276475298
2000-11-27,-9.288071290715989,27.962257194705607,-8.489272755531125,-15.228982984293078
2000-11-28,-9.721239409886488,26.947003881533966,-8.38172114653393,-16.403750762705535
2000-11-29,-8.73534942532696,26.816608076196506,-9.121338459829783,-17.245094051948932
2000-11-30,-9.316807311896323,26.318700888035394,-9.326948380357559,-16.44051636066974
2000-12-01,-9.113938971348029,26.68163901480496,-8.642795458910332,-17.781466805559287
2000-12-02,-8.910037429664122,25.44587508570571,-8.440705130400136,-14.948445669241506
2000-12-03,-9.11695539912261,25.009262946989693,-7.70741342410531,-14.865923411533023
2000-12-04,-8.241479541990804,25.318811785773757,-7.212398108993438,-15.365295955556284
2000-12-05,-8.267225755000226,24.638181175562643,-8.744647751156396,-14.655031612100878
2000-12-06,-7.313896476442441,23.36294609895967,-8.93576901231545,-13.525198563105711
2000-12-07,-8.13459390680465,22.682574864770245,-11.594634722268612,-12.735396611107875
2000-12-08,-7.757452128667094,22.984581366787907,-11.983862230042517,-12.519066930150943
2000-12-09,-9.615991999679576,22.173855624022206,-12.407948259076111,-13.216304398181872
2000-12-10,-9.276558483937887,21.20573474110812,-11.66560814969711,-11.242970276278747
2000-12-11,-9.58360238061606,20.50437544494525,-9.259429031233807,-9.142811526942802
2000-12-12,-10.18451242117026,18.70388419474178,-9.993957366554895,-9.18378712062266
2000-12-13,-8.375360506409454,19.516843981524698,-8.291377498691917,-8.735906860628612
2000-12-14,-9.93882294612848,19.170399689905405,-7.690987698115587,-7.377155354107376
2000-12-15,-10.820011709025207,18.730431874709062,-7.15171104412779,-8.749544200842708
2000-12-16,-11.066949135183744,18.846952135278194,-6.620868938868121,-9.083312081679907
2000-12-17,-10.646862943274249,18.49888917694312,-7.539137245551759,-7.2406915637592695
2000-12-18,-11.514049531773216,19.451457713458645,-8.464416198052275,-7.216130177679351
2000-12-19,-12.392678019503679,19.716751576595346,-9.096933522640894,-6.729461082648829
2000-12-20,-11.491153292123686,20.53400205187649,-9.416285517703198,-7.723404528177055
2000-12-21,-12.93855186476114,20.365204562287644,-8.564405470568913,-7.496490749104049
2000-12-22,-12.897381618517754,20.29196298815538,-8.852911555387037,-8.560995718272418
2000-12-23,-12.50856751814866,18.7832647242757,-9.52813721198816,-8.644867992736279
2000-12-24,-13.067711641853036,16.88875691766212,-8.87056894941304,-7.261563802546182
2000-12-25,-14.09384508706598,16.387790207197785,-9.162947619942726,-4.990115353599169
2000-12-26,-14.574003457867587,16.998334273629794,-8.267399425569733,-4.783151781772996
2000-12-27,-14.665755856980088,18.156724270273564,-8.935675534856745,-6.764492487532662
2000-12-28,-12.499909195430984,19.546491061189712,-9.441813971813069,-7.692883596156527
2000-12-29,-12.935863991200947,19.3999127081378,-8.98246452060869,-6.081405994682392
2000-12-30,-11.944996878733239,18.446683380285684,-7.837335369687322,-5.749640720535922
2000-12-31,-11.6807470918149,18.20692488366612,-7.791505617047341,-6.537139071950138
2001-01-01,-12.139336831611587,17.88759250506045,-9.059674261275761,-5.345798237973444
2001-01-02,-11.905947679847662,18.272220834429323,-10.72436150286665,-4.649396890898523
2001-01-03,-11.544000616761236,19.62359545425159,-9.8142311392806,-5.022690233634986
2001-01-04,-12.369038865617442,19.191157771760828,-9.874957696039774,-4.835572223493776
2001-01-05,-10.868125347670505,17.580575717791447,-7.450221616865873,-5.362765238836324
2001-01-06,-10.044109803547476,17.976141773301922,-6.427736074276016,-3.476329317470907
2001-01-07,-10.573912300350184,18.394765972514605,-5.980295163658113,-4.76640631497711
2001-01-08,-10.461296398857982,18.822899060178155,-5.586249248784268,-5.937820922647722
2001-01-09,-11.336006597680697,18.884771682570584,-6.7464446814335135,-6.466408770452514
2001-01-10,-12.585836135866773,17.475014256367505,-6.8738015834013355,-5.022671148946722
2001-01-11,-12.195436235007598,18.093117718573694,-6.050481980451638,-4.890720246411427
2001-01-12,-11.34433186601183,18.81750681965737,-6.264820383656703,-3.701107354355104
2001-01-13,-10.732063690595492,18.81705337827296,-4.872808687479081,-3.846195741593403
2001-01-14,-10.101555443153318,17.862843298984888,-4.103792559537374,-3.2634210921967655
2001-01-15,-11.080250065604506,18.65551961839377,-3.3717431358127206,-1.583438035508332
2001-01-16,-12.314821516756773,17.50342855163423,-4.513357891598604,-3.327600614928573
2001-01-17,-12.049799320399902,17.813586468615114,-5.5099349874885055,-3.3577615911406067
2001-01-18,-13.817449903048376,18.743119236936074,-8.751639281912759,-2.87952092381751
2001-01-19,-13.228170942318647,17.026496713814797,-9.316941232288606,-2.8119337713473094
2001-01-20,-14.406137245086473,17.890621643555463,-8.100462464798511,-3.9798216216295526
2001-01-21,-15.849746188217193,19.04961356434637,-8.30134766476081,-3.9137850775560925
2001-01-22,-17.5468745039112,19.627837454297854,-11.164646614340274,-3.8263108354681665
2001-01-23,-18.50576716027948,19.46225472600208,-11.712834041860086,-3.6255060236811723
2001-01-24,-19.3676320296139,19.03223158838403,-11.999009808519302,-3.431025905047261
2001-01-25,-20.154646811818534,19.965175537847827,-11.808579076738024,-3.334363412526513
2001-01-26,-19.30748587992968,19.928106741009415,-12.121377381495629,-2.2998082469426295
2001-01-27,-19.457133190593616,19.38221067457053,-12.113244611102028,-3.048996910752441
2001-01-28,-21.14168725010132,20.65862523567995,-12.752134141618473,-4.325100056519973
2001-01-29,-21.769596928885054,21.720314969628433,-12.517442733375972,-3.411217458576643
2001-01-30,-23.210739247303817,23.193403354032412,-13.627279558606885,-3.469593253773093
2001-01-31,-24.256642162942967,21.698338959923415,-13.719798814060454,-2.2367258394877325
2001-02-01,-24.886041698936232,20.04768805145979,-12.04516134085512,-0.835353807344047
2001-02-02,-26.481621539512748,21.01213745777996,-12.226621367188454,-2.3490049643061144
2001-02-03,-25.52339007423284,20.581737838966884,-11.400277174259712,-4.22735785340385
2001-02-04,-26.19723868953995,21.22034616110571,-11.265549533122458,-5.065093427829479
2001-02-05,-27.656327960333066,20.508483272501593,-11.117652823072596,-6.127166533468792
2001-02-06,-29.723975087780083,22.54402915897758,-9.595197630850475,-7.826772227042698
2001-02-07,-29.654403850447242,23.12485857393408,-10.603545606215103,-8.517660833611927
2001-02-08,-29.32250008603418,23.090163196478812,-9.509855944044011,-9.11651498459318
2001-02-09,-28.26399115481025,24.987275751013122,-8.902630122501622,-8.392578231752779
2001-02-10,-27.969584425567124,24.802718565229096,-9.565152237429071,-8.672679942319153
2001-02-11,-29.190999428584917,22.863146468334065,-8.479194318467849,-8.42947837838208
2001-02-12,-28.160869512685274,22.718529605823054,-8.388516093039174,-8.736242993034239
2001-02-13,-29.63394694050309,22.277070629671865,-8.465994702989386,-7.198327700341801
2001-02-14,-29.833095825368293,21.690451072990918,-7.0320862785184595,-7.014816211282086
2001-02-15,-29.288781147982093,21.08039865460597,-8.166210965653265,-7.254860374782859
2001-02-16,-30.433581777645724,21.014919725908392,-9.382580993770253,-7.232262415147341
2001-02-17,-31.231536119036623,19.619570715414625,-9.293490241224525,-6.246791677218914
2001-02-18,-29.01315267188976,20.0860272555592,-9.573531462996755,-6.627010724177996
2001-02-19,-27.495881300505367,20.5826993678124,-8.3341920162202,-6.453624077074396
2001-02-20,-26.96704598742861,21.829183598457114,-8.389696278423697,-6.800783257857265
2001-02-21,-27.009534573917147,22.06543908347841,-6.574245035032963,-8.142306175402545
2001-02-22,-28.52437185772427,22.06013153875512,-4.8454167993585004,-8.47871991952543
2001-02-23,-28.890219620581746,21.829416505346266,-4.695240289132728,-8.461107434053842
2001-02-24,-28.408710540172773,20.762501942657465,-6.245157097289456,-9.940532587397202
2001-02-25,-29.45637979829616,20.128707747099245,-6.1490303920198395,-9.941556495491584
2001-02-26,-32.00240377625228,19.716748917854467,-6.830572278320608,-9.328959383196514
2001-02-27,-34.32681784152676,21.57828799325053,-7.515132499997982,-9.550486193493539
2001-02-28,-33.079046975272604,21.763449860045796,-7.273824508275369,-10.02974327532847
2001-03-01,-33.760742318295925,21.41817958842514,-8.956455205149645,-8.441863919124078
2001-03-02,-33.341592473728184,22.858517475102186,-8.88671625680491,-8.13036024797088
2001-03-03,-34.20067553937192,22.301029633185603,-8.00425731934481,-7.761775924516402
2001-03-04,-34.134589483014636,20.713927828454874,-7.231345347019397,-7.20591860228948
2001-03-05,-33.20242924177819,20.822977629068973,-7.138203721395558,-9.660213401671584
2001-03-06,-34.14376054376697,20.112908615449914,-8.623966951815449,-9.900132782993325
2001-03-07,-35.20057026721019,19.092691378071386,-8.440363865335673,-9.318396815210207
2001-03-08,-35.915723293475274,19.419108939646804,-8.594513643888764,-8.162412845017256
2001-03-09,-34.2081693454734,18.790840863278827,-7.64211346586157,-7.812345560323967
2001-03-10,-33.53986747429532,18.41603334853123,-7.356035346078281,-8.399596181325185
2001-03-11,-33.20269785906886,20.252600674125095,-9.331752280242947,-8.532844152823573
2001-03-12,-33.03260711414588,21.697440000888275,-10.73468325222075,-7.5445083007892935
2001-03-13,-32.16920170389318,22.20512862101002,-10.498515727358644,-7.176040805840484
2001-03-14,-31.684428151804543,24.37262879044256,-11.056386563590824,-7.724596672465716
2001-03-15,-32.25034570905905,26.059107886787757,-10.883886622211408,-7.664739994883197
2001-03-16,-32.381782985399894,26.16107843963466,-9.739677771036401,-7.541957342668215
2001-03-17,-31.44300518259019,26.211019862383026,-8.943233407800781,-8.313538308390246
2001-03-18,-31.447922982320634,25.359883515189164,-8.008287572101862,-6.320125181831774
2001-03-19,-30.711297582276483,24.940069934155595,-7.225955919630938,-5.8303714783317355
2001-03-20,-28.750815721264992,25.783222637375992,-8.56739597744962,-5.858866381301722
2001-03-21,-29.51540037604321,27.951714323889508,-9.401216410715827,-5.568240637091188
2001-03-22,-27.048119511338136,26.78458491726457,-9.259450381107788,-6.3418767934501625
2001-03-23,-26.24985969564015,26.974718582678964,-9.363809667830312,-7.297439957597723
2001-03-24,-26.84458108863524,24.893293142373782,-9.480909555722702,-6.809018533296361
2001-03-25,-26.647268568197095,25.16243936660072,-11.269338848261645,-7.759291757911239
2001-03-26,-28.020635339771037,25.567775972563,-9.78780540471277,-8.21989948820609
2001-03-27,-28.387029105059728,23.385461018329053,-11.077246727187207,-7.97132991010303
2001-03-28,-27.395951343079542,22.60365508418454,-10.295896837017905,-7.829277111078239
2001-03-29,-28.356145545198107,21.461431632010136,-9.096446798831861,-8.973219947170513
2001-03-30,-30.051888001057844,21.358635393942283,-7.027249351895396,-10.059860764371676
2001-03-31,-30.12062361109782,21.450648856369572,-8.239209125381935,-9.153025982906739
2001-04-01,-30.85377971266062,21.76966294491256,-7.349276940400172,-8.976933087063516
2001-04-02,-31.780696447439425,21.67508225450574,-6.490544615426205,-9.049334628345274
2001-04-03,-32.5297997532589,20.824958164128635,-7.53341687989862,-8.945387846562797
2001-04-04,-32.17908928335786,20.991646615818436,-7.784944514143893,-9.167605646032666
2001-04-05,-32.72466032637995,20.25678995199016,-9.174885207464268,-9.142452859613513
2001-04-06,-33.36903368308832,19.564731359354674,-9.440131786108331,-7.8079053440428385
2001-04-07,-33.80107752297344,20.017646788676203,-9.856736502779961,-8.048885790236731
2001-04-08,-34.20491232098327,20.069573492789544,-10.242641284947728,-9.012205943691503
2001-04-09,-33.99320958373794,19.917182571633372,-10.9894954967764,-8.843558753450946
2001-04-10,-34.72925499951917,19.672223685139762,-14.31131604884731,-9.929662061541444
2001-04-11,-34.72588092522591,18.18022116698672,-14.18505441423384,-9.325522720084834
2001-04-12,-34.24737382230008,19.447789352761813,-13.921966954760014,-8.42683892097504
2001-04-13,-34.45821226295534,19.321949611454446,-13.3508140349082,-9.010558660425053
2001-04-14,-34.80594312291149,18.15832662870321,-13.47925488735347,-8.378353273045645
2001-04-15,-34.817826207215326,17.145865091184525,-14.99158368954768,-8.030430973004675
2001-04-16,-33.9796556415572,16.08346927699958,-15.465025319841196,-8.242727515417716
2001-04-17,-32.94421951859114,15.761288565299376,-14.976813367520563,-8.194984848225634
2001-04-18,-32.56609038925966,15.265175498140696,-14.818623133502093,-8.556411141721696
2001-04-19,-32.10965859115159,15.33356784302327,-15.161883530023399,-10.476890465716856
2001-04-20,-31.45679319071189,16.622990227268403,-15.65513652735998,-11.87642397550204
2001-04-21,-30.777694429730264,16.03402304638528,-15.99704820552756,-11.468248132863403
2001-04-22,-31.69834038411424,16.897344059658213,-16.033098604694548,-9.358294144479611
2001-04-23,-30.409950196389172,14.82401354072246,-16.42725549178515,-10.109296645402244
2001-04-24,-30.85388300660337,14.321366896724388,-15.159623066399845,-10.307921175117533
2001-04-25,-30.09892914625041,13.272724905317139,-15.674063626778613,-8.54362940738971
2001-04-26,-30.08650807221998,14.373996955911798,-15.934490331630686,-8.326615914767816
2001-04-27,-29.34591915793932,15.39857196060778,-15.738772356603334,-8.573340604907946
2001-04-28,-27.518038437349404,14.921920688591701,-15.366870852098657,-8.598540990802498
2001-04-29,-29.26908242709019,14.825980669881437,-12.20588992045601,-9.557233522370842
2001-04-30,-29.58992897639877,15.714512979526447,-12.253612219670638,-8.598563063942805
2001-05-01,-30.300117777683642,14.824222796032238,-12.543136343182349,-7.013579244761656
2001-05-02,-32.389337731838964,15.787401281911677,-14.68655312600302,-6.597362500390292
2001-05-03,-30.61127298196754,12.254718630062923,-13.653539074171485,-7.691951844427637
2001-05-04,-29.449562598833737,11.878201554003516,-11.54749819742417,-7.4147915777460325
2001-05-05,-29.07248544103866,12.720890664329042,-12.68237247694739,-6.055581731455677
2001-05-06,-28.324219073724304,13.220028080053991,-12.546584763150033,-5.949818841248643
2001-05-07,-26.716762493768822,12.233036279369946,-14.18920330073712,-5.668092968335709
2001-05-08,-27.908736552907886,11.152062668823676,-12.790705214642568,-5.336776373162209
2001-05-09,-28.325954343745472,12.166504593471206,-11.493977368840339,-6.593799739982374
2001-05-10,-29.88117748146357,11.46919756268182,-12.239567936700668,-4.567141285264982
2001-05-11,-29.868199795737116,10.592086328335185,-10.948371104499252,-5.5325183887076355
2001-05-12,-29.46281286080305,11.11137227509543,-9.421309175265263,-6.550071172867833
2001-05-13,-28.439864808968306,10.281209363958629,-9.60418293395738,-6.5574900819636355
2001-05-14,-26.48474685237084,10.30781932962463,-11.285367302714917,-5.307343265908271
2001-05-15,-28.09873166807395,10.888519191262969,-10.863464745849216,-4.02452628126956
2001-05-16,-27.593168723862487,10.81047713452185,-10.451576049523009,-5.173947156370254
2001-05-17,-28.672201382215455,11.287004837338683,-10.716302820609622,-4.582025981073906
2001-05-18,-29.917528821328627,13.089115914349193,-11.141395556949371,-4.137947030894346
2001-05-19,-29.497422568923348,12.260851921455325,-11.870898336606388,-4.7575897487611805
2001-05-20,-31.484275804391338,12.84569613846681,-12.514473091186224,-3.1483152250298083
2001-05-21,-31.654764514326967,13.578787678927974,-13.216500085658328,-4.944907700127419
2001-05-22,-30.807906256675377,12.760027402865255,-14.061738419419267,-5.964545318868071
2001-05-23,-30.460727754822535,12.996182723293234,-15.748533111134373,-5.820540379896153
2001-05-24,-32.2170939003947,11.349771822731546,-14.77347955522489,-7.92455894169032
2001-05-25,-31.992811153779144,11.903414895153482,-11.948227579198404,-7.7422575635528945
2001-05-26,-33.7239369882942,11.75813958818978,-11.55634673856137,-6.234282641986951
2001-05-27,-33.001427781128235,10.085950810341858,-12.065535888382454,-7.49619054856019
2001-05-28,-33.46027864837397,11.132197969590557,-13.20691834583212,-7.2061248390204575
2001-05-29,-32.41086653916721,13.876430029286803,-13.870903223970926,-6.215834863509448
2001-05-30,-33.44251358051962,11.924284204935056,-12.821324005706566,-5.196177492210161
2001-05-31,-34.184009666841995,13.476537553158018,-11.956290991809796,-5.018320015106001
2001-06-01,-33.24503121486692,13.79205392183422,-12.467004231123878,-4.894979587678222
2001-06-02,-31.786369476747133,13.296023060977152,-11.822121964376851,-4.7394315508597655
2001-06-03,-32.09925690712364,13.574176017184156,-12.35562981460934,-5.441185674327714
2001-06-04,-30.57878393152054,13.876678579786395,-11.044426265456371,-3.6933681028860703
2001-06-05,-29.039564280236142,14.021955878968049,-11.598980262417438,-2.937468579174025
2001-06-06,-30.6285740707887,12.283905905822438,-11.309070436028701,-3.163853363853193
2001-06-07,-30.094882843829385,12.27761042395382,-10.104622906305835,-2.658945672545441
2001-06-08,-30.464866154728487,12.653300963271647,-10.961838088204571,-2.0321703339041095
2001-06-09,-31.284265832899504,10.615382102938261,-10.80112440767459,-2.5783798990256495
2001-06-10,-30.311104170984528,10.433827413720438,-13.336211711826355,-2.107577411777543
2001-06-11,-30.144262822312868,11.316043092790487,-13.626984859626537,-3.5011515392418335
2001-06-12,-28.791977178878764,10.652856965868416,-13.36427683286044,-4.054138340535196
2001-06-13,-29.519394989896764,10.647974346248606,-11.40167584949373,-4.305238146445631
2001-06-14,-28.787278835832456,12.473705231063166,-11.895194749262341,-3.7234132366905546
2001-06-15,-27.650177740839293,13.498427394540384,-12.795031165481454,-3.372057828393341
2001-06-16,-27.311259838200844,12.876219232760317,-11.741556857533418,-2.9870909503877576
2001-06-17,-27.917330408633962,12.784219593843918,-12.345230337618077,-1.6357235100082628
2001-06-18,-27.950024856082383,14.0362741119926,-10.540111275398445,-2.4950602414152527
2001-06-19,-28.423580528131325,13.428594588438719,-12.143755135008112,-3.5068889723120478
2001-06-20,-30.555290381484802,13.498427665596743,-12.850143251731886,-4.447726784023999
2001-06-21,-29.324241684946156,11.9731733041867,-12.530266491446655,-2.594544623820509
2001-06-22,-28.29681698925826,11.939313465012928,-12.901818980498998,-3.0517223477806352
2001-06-23,-28.464220477335886,11.113621381779852,-12.83687676082421,-2.3168889521832985
2001-06-24,-28.67555086167775,9.379448234994316,-15.719057654788312,-2.180846713758894
2001-06-25,-27.359064006556878,6.634034354392158,-15.747332756183697,-2.050004619528891
2001-06-26,-26.723694829065494,6.962445115158171,-15.684539995035886,-2.4207391079463725
2001-06-27,-26.33012455987505,7.011418654846149,-16.561488612855513,-1.5918939393380027
2001-06-28,-28.098003570772217,7.263872424475768,-17.82193585887169,-0.688973369327867
2001-06-29,-26.830410084113254,6.0423507100896465,-18.694187076487367,0.6142871752976966
2001-06-30,-27.83602208671667,4.523509688400269,-17.400695142953104,-0.39566742383084463
2001-07-01,-28.21540749138689,3.0439218530513172,-17.05897755580872,1.0184531536422372
2001-07-02,-29.509960301252654,3.6132628215096427,-17.211142039756176,2.2020598159717273
2001-07-03,-30.218102981312192,2.356917962228124,-18.20992265863643,1.546889029069975
2001-07-04,-29.578578102951745,1.7850913085054543,-17.48051766698045,1.249196915964677
2001-07-05,-29.627807546571972,2.2477016810903963,-16.926738854767766,2.1563949847035246
2001-07-06,-26.984723995552873,1.9441729198831288,-15.364465716925151,1.6949955562618346
2001-07-07,-26.67365490490805,0.7528603579512889,-13.38052210980229,1.2398501669848865
2001-07-08,-26.715817465205507,-0.7765218076671347,-12.676509774507096,1.3165684111996838
2001-07-09,-27.054936748969183,-0.5456738498760159,-13.336350044420447,2.0020377872673674
2001-07-10,-26.399913847082168,-1.637682185241071,-13.863854500027436,2.0708091806648383
2001-07-11,-26.460945052614527,-1.771211339236781,-14.01646138932961,2.468074344377242
2001-07-12,-26.249031179639434,-2.1642502880878194,-13.103263693758661,2.661102931031493
2001-07-13,-27.43914824721938,-3.694161109081623,-12.164844273399178,1.549856071856824
2001-07-14,-26.651638372208996,-4.100547338821843,-10.832398250530066,4.127094718266327
2001-07-15,-27.756613677673744,-3.6992818361295625,-10.719634710275098,4.57682767222121
2001-07-16,-27.74170915336397,-2.6319282097848733,-10.79492525689358,4.260132604440294
2001-07-17,-27.01164932830787,-2.2205807931553005,-10.992355404901454,3.6224301299757338
2001-07-18,-27.736112631129068,-1.1876768775795365,-10.326841968368415,4.394366851198515
2001-07-19,-29.063334551264674,-1.0394382095790924,-8.653720898588677,2.4148714468796806
2001-07-20,-29.805691824185036,-0.671145466393244,-8.739607861463004,1.8390216892813966
2001-07-21,-29.48271328416205,0.39499866385918236,-9.830506833128927,1.0975173560010183
2001-07-22,-31.418430777754395,0.5545951423769978,-10.09667336733048,1.678661742254544
2001-07-23,-30.721551845771813,0.8469297014062621,-9.900588538668147,-0.015519713843833882
2001-07-24,-29.37778943696768,1.6571271531779868,-9.802311447274166,0.9297734182417952
2001-07-25,-30.845241504684527,2.2878614572116094,-9.84397146437867,1.7007953142688472
2001-07-26,-30.81225577729806,1.3080825987543436,-10.330154766395239,0.7294483663569494
2001-07-27,-31.125337474619432,2.4218140731669537,-10.07432823507233,-0.6590550356742012
2001-07-28,-30.25912018316867,3.512456817358578,-10.391314075756778,0.3471863927986035
2001-07-29,-29.065864398585134,3.6415955891219696,-9.370127630691153,0.6764153527164758
2001-07-30,-29.490445157266823,4.234862935192076,-10.188085218515099,1.8229303073430099
2001-07-31,-28.838002113267944,2.7509222533563125,-11.272569101401194,0.5329676457432415
2001-08-01,-27.97801097688887,1.9910071745631281,-9.464035863818713,1.9937897323275615
2001-08-02,-29.259749898705383,2.440108640838292,-9.475899776824335,2.0574412042737484
2001-08-03,-29.655338954846137,1.8934880362507864,-10.404139187675463,2.500605021565743
2001-08-04,-29.445515176692954,2.20286323521216,-10.492043956358911,2.5497501182937503
2001-08-05,-28.047380438773704,2.305721438721043,-10.840691923528643,1.9913324066283136
2001-08-06,-27.247907712785928,3.2947043208859403,-10.488318507851897,1.2051619643462224
2001-08-07,-29.046682320229376,4.130143323794732,-9.652931385094039,0.28860185395060556
2001-08-08,-29.39444976851274,4.581169010662121,-9.74365993179644,0.3689649844616481
2001-08-09,-31.208160847860338,5.0461528856618925,-8.94636757967396,0.7948330950515168
2001-08-10,-31.733352273085792,4.701853792465759,-8.578223638303685,1.5247995986288463
2001-08-11,-31.741978181699384,4.135999710968203,-9.797633106953672,1.4089672868843919
2001-08-12,-31.50617275426382,6.429519788927429,-10.161633299908852,1.530072230288857
2001-08-13,-33.10384258431505,5.9849846360954855,-9.423882406504944,0.49433785328429725
2001-08-14,-34.014661916756204,5.764587190903556,-9.951812194633353,-0.039823534991609844
2001-08-15,-33.63351954367928,5.577547709043511,-10.677124783832621,0.23442990573370648
2001-08-16,-32.360642696170686,4.267538283179038,-10.040511944180954,-0.8536838267556068
2001-08-17,-32.18697494775177,3.23067732838712,-11.647851949356625,-1.5308687277251454
2001-08-18,-33.9984555354185,2.3956959450653605,-9.788454145158415,-0.9695065560436081
2001-08-19,-35.72411667950554,0.9147745067968664,-9.398422312055665,-0.3526198456980093
2001-08-20,-35.52791038738043,0.06734979454849954,-9.126403595622968,1.6894968221160038
2001-08-21,-34.503614756914324,0.21452621591455878,-9.621901827573714,1.6203885915503404
2001-08-22,-34.21497357065824,-1.315566254822698,-10.551423487492448,1.0120344394596934
2001-08-23,-34.76598701996106,-2.1187858578916545,-11.191731226153435,0.6035762935285792
2001-08-24,-35.41520193448559,-0.664606037141857,-9.831284501099553,1.0794090736757425
2001-08-25,-36.392423145241956,0.8516669750998758,-10.139197668241978,1.9528693180197507
2001-08-26,-37.08503904068868,0.8235788714545901,-11.003454733944768,0.8143532394755466
2001-08-27,-37.76095142303428,0.5090863157097162,-11.240311569503609,-0.8342998495073171
2001-08-28,-37.185872289983564,0.42165887211238645,-12.509032303369418,-0.5709625192310966
2001-08-29,-36.09182021424683,0.6383859062909247,-14.325268184216233,-0.8169233913813646
2001-08-30,-34.195608869783705,1.9564376465687627,-13.263390470309965,-0.9999827841214606
2001-08-31,-32.444879275272,2.5732879582885824,-13.135398768746695,1.008137653544851
2001-09-01,-32.253930097464,3.2493806887505134,-12.556049766727327,3.4869709949329266
2001-09-02,-34.595720604423114,0.16177409337488413,-12.335238837759444,4.377763784068274
2001-09-03,-33.70714496298525,0.9347647634645629,-13.350323146086776,3.7273926616444815
2001-09-04,-33.8412778296944,2.102970061747241,-14.621054385625603,1.8538285258509097
2001-09-05,-34.9100607075859,4.573724701392539,-15.22405416395703,3.2812761184504957
2001-09-06,-34.920859445158385,3.967800763804265,-14.07487199773346,3.3202297831545167
2001-09-07,-34.777364588871926,3.502036526988873,-13.982197233279692,5.38111388460504
2001-09-08,-34.076258874563216,3.2122904396056406,-14.197292802265524,4.907666048641647
2001-09-09,-33.87858114923016,2.8463179280361617,-15.057806436822847,4.259613793451377
2001-09-10,-34.71275244487203,3.1032684614363446,-14.194001362736564,4.223341086869443
2001-09-11,-34.509389042400045,3.6021825814072477,-13.055443759614619,4.003178342099348
2001-09-12,-33.80349335195546,3.5459641294481195,-13.315342359033751,5.524568152339324
2001-09-13,-35.359674848783904,3.37463319034119,-14.340854076115829,4.35636181653747
2001-09-14,-35.8748290041789,4.200611198225047,-13.62985312669106,4.066603653648038
2001-09-15,-33.15099471889292,3.488883580987032,-14.558279791335632,5.526289801116052
2001-09-16,-31.854118251801307,2.828286199186567,-15.062627024635736,5.603755363863654
2001-09-17,-31.491793032876373,2.1318508568553813,-16.013523008260012,4.961545784881256
2001-09-18,-32.18570421570658,1.2064748958369318,-16.212922181403382,4.527424809883878
2001-09-19,-33.169293096702354,1.3447575195419408,-16.319648219154132,6.50701996845962
2001-09-20,-31.77594111197913,2.401475491719441,-16.363339582535463,7.823162931414964
2001-09-21,-33.5494685082377,1.9153072465120187,-14.442464494533853,7.554396365010864
2001-09-22,-32.764674921060184,2.6254407530182577,-15.625970494077823,6.6766392756663535
2001-09-23,-32.27918326044768,1.319906976897092,-16.1946788021549,9.557824887272597
2001-09-24,-32.56545046080017,2.886569230110131,-15.122781591801564,8.953853624307165
2001-09-25,-33.80905792106803,3.1017668830091596,-16.27059535008644,9.046484702248383
2001-09-26,-32.81057367017403,4.280649819381929,-16.127433412024224,8.240852857712243
2001-09-27,-33.41372777203715,5.0500693032837605,-15.864116491211178,6.547172382849779
2001-09-28,-34.26637046318242,5.177629581023362,-16.563733783234294,7.191521300187634
2001-09-29,-35.42400383931835,4.310270379484116,-16.5005727377891,9.402980617428415
2001-09-30,-34.75414658397426,2.857702540380387,-17.27212295454493,9.64954136250134
2001-10-01,-33.66673300041361,1.4030423748717376,-17.55147909725612,9.81473170234236
2001-10-02,-34.59835067225253,-0.27242415661662656,-16.643256956342494,10.462490298625717
2001-10-03,-36.2181448228587,-1.3307903406568957,-17.020054304778927,10.102829934452291
2001-10-04,-36.82430818215236,-0.615825319711679,-17.002779677885822,10.056553292506198
2001-10-05,-37.41826294016165,-0.5329127256747379,-16.887035431424156,12.288831362348716
2001-10-06,-37.181599982461734,-1.5768565030816553,-17.869680090438713,13.100616265595711
2001-10-07,-37.20662162133549,-0.6082019545344026,-18.359454837655164,12.66065951801997
2001-10-08,-36.9613598117391,0.304460411433385,-18.035260550865058,11.72230953561872
2001-10-09,-36.474728347022726,0.12947260801920418,-18.72409154615814,10.88922147338962
2001-10-10,-36.0668495229747,-0.282052960784834,-18.767872108707248,12.090432725732551
2001-10-11,-36.47696155816474,0.2557318098998309,-19.13641665959933,12.418256465024688
2001-10-12,-37.06825797717611,-0.5638956426111841,-17.35364515036084,12.922565163973827
2001-10-13,-37.294412840914845,2.019995664434373,-16.49163741840198,12.429052698083456
2001-10-14,-37.36177475926328,3.0425190498448687,-16.471811193328968,12.48003249965035
2001-10-15,-36.646428843918336,4.046269273207344,-13.836034875001689,12.504214527326697
2001-10-16,-36.1977919274711,1.9075947691404402,-12.431055798974256,13.915805611044128
2001-10-17,-36.36272893857265,3.283395892015169,-13.431557215190317,13.77847082475634
2001-10-18,-37.39002964513687,4.455187769550847,-13.775979789018221,13.519331885716598
2001-10-19,-37.01747309902032,4.12201519652605,-16.43825365991768,14.202601228468408
2001-10-20,-35.974516577763474,3.9356423536004446,-16.045855670887263,15.811924251228188
2001-10-21,-36.264674619447014,4.625894630845834,-17.540876828452188,16.130852765081475
2001-10-22,-35.788630770626774,4.494725531745291,-18.664469928483935,13.680532106739319
2001-10-23,-35.998784744861275,5.9890104029920685,-18.747360838598794,13.191065602145537
2001-10-24,-33.89570298533095,5.348247242243195,-17.67424122978668,12.357545946790312
2001-10-25,-34.64671841487267,6.7979014973500025,-17.727967464170437,11.70878493628997
2001-10-26,-32.478231401453016,6.096293377767875,-18.076524039012927,13.12190148224467
2001-10-27,-32.85813017444557,6.953244947989092,-19.348178301056656,14.305477890261082
2001-10-28,-33.13656571618156,5.853005458189889,-20.191957737321296,14.114812350216273
2001-10-29,-31.50870837938679,5.526957783007965,-20.93104311118204,14.255316623989629
2001-10-30,-32.28266730441848,5.9491290334030085,-19.193670157082707,15.195418599735417
2001-10-31,-32.11829767765991,3.9299897883102264,-18.203204326974618,14.364295958934873
2001-11-01,-30.97887045666638,3.8171261204162747,-17.657096503354968,13.908890054024086
2001-11-02,-31.881617442725506,5.059685237315293,-16.54233086536886,13.118423245427577
2001-11-03,-32.821686216457586,6.281330478100756,-17.896060785238937,13.759396411384788
2001-11-04,-31.709870449302326,6.472749428360818,-16.41024894429326,13.371389066938205
2001-11-05,-30.80903923425178,6.7380812686198155,-15.842466157577203,12.955196366642042
2001-11-06,-28.724418880861315,6.69887775887521,-15.603417390589259,11.011801018753676
2001-11-07,-27.79311484631148,6.831714291780437,-16.564715101755002,11.658582860383335
2001-11-08,-28.10967758693214,6.663382748239169,-16.490379303849515,10.258257600406631
2001-11-09,-28.31371938550378,5.828167205801393,-16.106537097643212,10.159651976359207
2001-11-10,-27.555341667038533,5.394725711459065,-17.046606934880224,7.858743354154225
2001-11-11,-28.34225964320055,5.021880507445501,-16.674532452415978,7.7853505237335066
2001-11-12,-29.66767943859401,5.014819104510038,-16.460586174639424,7.988172172814409
2001-11-13,-30.7765817678338,4.9760986787673245,-15.126774975197502,7.94701694611984
2001-11-14,-30.69274431674134,4.153801646545326,-16.148382556026778,8.401420091925791
2001-11-15,-29.940200958623613,5.269144809641968,-14.68993671996583,9.133672963902885
2001-11-16,-30.97513337215604,4.630888126752652,-13.392930181471868,9.03375171672051
2001-11-17,-30.931116422619155,2.036888459467792,-13.661311890393023,8.699593860216803
2001-11-18,-31.12028024022668,2.174569757930837,-14.308873646527914,8.803204859362088
2001-11-19,-30.665490719830306,2.125705026980244,-13.415402228041293,9.829323315018335
2001-11-20,-30.41040448777773,3.7350809213994203,-13.089176595587862,11.06724445321943
2001-11-21,-31.1801918392492,2.882151528444284,-13.12559026015353,11.90300270826345
2001-11-22,-32.1380994070844,2.4908463193240515,-14.762365856872577,10.591529245980643
2001-11-23,-33.26979295952443,2.628325175699489,-15.37073134054967,11.112434008580761
2001-11-24,-34.0454422196964,2.969153987826692,-15.972629486069495,10.201374935673192
2001-11-25,-34.369530519249,2.534276745064941,-16.448096683441317,12.740155745559438
2001-11-26,-34.94824558791328,1.963523571989978,-15.69412741232281,13.372066775477657
2001-11-27,-34.516591707516795,2.471072885077434,-16.64619082087241,13.599452079446214
2001-11-28,-34.15384529418018,3.3838266095652845,-16.596939053829377,12.219092248709241
2001-11-29,-33.939249071493116,3.4894980871314907,-17.169004309510168,12.7454356988257
2001-11-30,-35.643993141000266,4.490011371906928,-18.02195729346984,11.800808855211312
2001-12-01,-37.206666854766056,4.6191168588949045,-18.035749663159553,11.678351738918053
2001-12-02,-37.89569165402283,3.245688637943076,-18.467849985399475,11.185029643594463
2001-12-03,-39.00531262479182,4.638132389873577,-17.742833299846644,9.979299947130672
2001-12-04,-39.05664735033939,6.311378650774302,-17.60295832150876,9.735468953750708
2001-12-05,-39.94968358081877,6.175517712533508,-15.004670784482414,9.611621464144346
2001-12-06,-39.548394368113435,7.153870167296827,-14.709221349697176,10.350716411085902
2001-12-07,-39.643225645205064,7.420788227180807,-15.826419357994748,10.649601912072974
2001-12-08,-40.68620871018208,6.928149157499684,-16.118767173686248,11.173381249992813
2001-12-09,-40.48168174864064,4.079640342131585,-15.334014296776344,11.037965568150732
2001-12-10,-41.238192767153045,2.579802533898799,-14.188313269307127,11.294938800630158
2001-12-11,-41.534717994861076,4.232765290784506,-15.54981451254448,9.504448505924898
2001-12-12,-40.68641810927386,4.055429617313756,-16.171786247994085,7.575256541762609
2001-12-13,-41.031047630185384,2.8429155664821266,-16.072549833323045,8.050876861435224
2001-12-14,-40.0669533516745,2.177340334166682,-15.009768210337317,7.707283008326348
2001-12-15,-38.96143671643037,0.22287078247229375,-14.224843153881595,8.02401544017319
2001-12-16,-38.20022458695242,-0.25157179384449085,-15.63365136681653,7.258009352829226
2001-12-17,-38.38149357282828,-0.6665992024428821,-15.975169557422813,7.45276569195007
2001-12-18,-38.548731931031064,0.08956142162778191,-15.095192608376136,4.835406522347927
2001-12-19,-38.17028008796517,-0.6417664648496471,-15.326829005365573,4.173542142731682
2001-12-20,-39.17173956835083,-2.400717508854618,-17.02210869232644,3.0544580887648145
2001-12-21,-38.18710266150474,-2.3705985843461104,-18.859585921826774,3.7643249971205037
2001-12-22,-36.788659556031085,-1.2762253131951546,-19.09116290466885,2.4302261817420465
2001-12-23,-37.264501251486905,-2.0655595417098214,-19.61348265904929,2.6335991386068405
2001-12-24,-38.129463052578345,-1.4952939674105892,-20.19156584195043,2.262976594720309
2001-12-25,-37.624118932881,-1.6259757824890708,-20.979236454486653,0.7597944857870862
2001-12-26,-37.517627055626626,-0.5768321085597778,-21.519811782274374,-2.066796534072598
2001-12-27,-37.499717444938,-2.57885178706972,-21.887378959901984,-2.5390307743102762
2001-12-28,-38.46901376012629,-2.259210459615912,-22.59635570894163,-2.582481753888096
2001-12-29,-39.51665677391955,-0.9210235425138387,-21.812070728592573,-3.547963533973604
2001-12-30,-38.92386892068886,-1.4099544400576487,-20.44953224073104,-4.24522826070162
2001-12-31,-38.185044333924345,-1.2385226284865676,-19.27727958288576,-5.214899675726447
2002-01-01,-38.914077926872764,-0.08617075718782385,-20.903040510073108,-4.972910221715181
2002-01-02,-37.89062333392253,-0.642455341508073,-20.847198669025758,-6.263641559077866
2002-01-03,-37.45174236929566,0.5422633749511186,-20.921190222660695,-7.677578679988877
2002-01-04,-37.03852550739123,1.7393447806144908,-21.718001996759874,-6.87208616482987
2002-01-05,-37.229863207420486,1.671228202806919,-23.79842190869176,-6.108912916969526
2002-01-06,-36.9478816773772,-0.44392823014185456,-24.10630958030047,-4.824607399533269
2002-01-07,-35.83559933172169,-0.5619269890725124,-23.588936531984,-5.887474676923774
2002-01-08,-36.807781091729154,-3.031397387351727,-22.612077861220364,-5.95076535917658
2002-01-09,-37.1124341283912,-1.6399158161879464,-21.554707072698196,-5.645315155618486
2002-01-10,-36.08788832658055,-1.8349127451848843,-21.147940732753757,-5.200700086689725
2002-01-11,-37.99734262976308,-1.2718354586907021,-21.686253743803572,-5.1035940137397615
2002-01-12,-38.89051386910175,-2.2806340389523925,-21.384039797063217,-4.703261010954008
2002-01-13,-39.034971709749456,-1.7407120110296945,-22.065786161940686,-3.7180700065453953
2002-01-14,-38.57607610415215,-0.09126485823893327,-22.453501015410435,-3.1029400897870185
2002-01-15,-39.6795694340091,-0.7593534269278909,-21.795865810440016,-4.182328205342495
2002-01-16,-40.87965690915082,-0.3845735014676392,-23.20532007008451,-4.042143416688502
2002-01-17,-41.68947591388369,-0.8016152998004326,-22.97066193789901,-2.445488504589351
2002-01-18,-41.34469848997393,-1.2473795867554556,-21.68398961866056,-1.9480422315929102
2002-01-19,-40.94177323228748,-1.5651932996118698,-20.34753565507596,-1.493782308116052
2002-01-20,-39.229838571599345,-1.9544700920078202,-20.46803959292087,-1.704475345518858
2002-01-21,-39.39690490606731,-1.9551339329313382,-20.071999763552263,-0.9156939656859603
2002-01-22,-40.313805052238436,-1.3214049358512878,-19.884023850882603,-0.3073513260443149
2002-01-23,-40.92722709504698,-1.71258798238368,-19.475611115830095,-2.026316503756454
2002-01-24,-42.60271743282448,-1.093306772012749,-17.70741335720694,-2.948334572476132
2002-01-25,-43.23485098883769,-2.8040291311981047,-18.232211769948073,-3.4942157027357856
2002-01-26,-42.0743596189835,-2.9021350411895406,-19.331636729314813,-4.005413354582997
2002-01-27,-42.28963480702902,-3.3049566697911947,-17.9976546794972,-2.9993608990235443
2002-01-28,-42.16374562050369,-3.6430048491086753,-19.10393887359502,-3.0339932041468005
2002-01-29,-42.6271581723205,-4.102302421167908,-18.943684785278382,-3.355171802170185
2002-01-30,-41.957549295690846,-4.073464323203021,-17.438250471167866,-6.027671852231933
2002-01-31,-41.19052662180401,-3.885061625943485,-18.0058118495911,-6.069415812281711
2002-02-01,-40.72218896412047,-3.1227907934428734,-18.241828318231413,-4.653823658479375
2002-02-02,-40.09446831604949,-4.643291087548227,-18.99386170442905,-3.8883856197831648
2002-02-03,-39.438113505611845,-2.9624030719654786,-18.668351561561224,-2.0564032776451793
2002-02-04,-39.24268054820241,-1.2324509082177968,-18.305153796426122,-4.054056006833186
2002-02-05,-40.115703115237395,-0.013475242536030052,-18.45285878708289,-4.520621103103432
2002-02-06,-38.939435740625335,0.9414096641821107,-19.138354588041622,-4.26443730314317
2002-02-07,-39.823570509206476,1.182126239980929,-19.771240859158663,-3.931059177550351
2002-02-08,-40.50772570965431,1.1597643576293823,-21.316804837784666,-3.5822342254270136
2002-02-09,-39.73853993890239,0.2837699386521141,-20.73682463405536,-3.0803769735041917
2002-02-10,-41.1977552783188,-0.0017775328906361465,-20.65008863178523,-2.8257818336595726
2002-02-11,-40.70782224277533,0.2727853455828765,-22.6555884917943,-3.259134080832616
2002-02-12,-39.48524796303386,1.391311312091696,-21.449731599171557,-2.637246225088033
2002-02-13,-41.10398851621662,1.0495422751040218,-21.632926606224643,-4.568677617684749
2002-02-14,-41.20077649192339,2.083726330775857,-20.930229030308134,-3.334108383079373
2002-02-15,-40.949488177758624,2.6899915056593793,-20.860317258450113,-3.527978749081964
2002-02-16,-41.41308169588038,2.6856570281026158,-19.937852064637617,-0.44155833075094897
2002-02-17,-41.33707178115979,1.4904578924283858,-19.36157790585497,0.6494301735856736
2002-02-18,-42.063369885749516,1.8960104996926106,-20.35583670459195,2.2572019223831505
2002-02-19,-42.23337126209436,3.225949212243811,-19.504012487059956,2.437790889207983
2002-02-20,-41.18293419747833,3.8118983638414043,-18.91378780420571,3.218049656146703
2002-02-21,-41.34075755003028,4.345204077160994,-19.301643669360335,4.844111563797658
2002-02-22,-42.23812661721642,3.3574135591625223,-19.798361784339285,4.46362800139192
2002-02-23,-43.16042539383123,4.588697701864382,-21.990324709661756,5.663414763771616
2002-02-24,-42.62619462776518,4.192004503850922,-21.597304986454933,4.607531368960323
2002-02-25,-42.76463647317113,5.695622551757425,-23.116821172265723,4.494021633448338
2002-02-26,-43.4658268416318,7.081847031820116,-23.50900515807559,4.588911437574702
2002-02-27,-43.437164507129324,7.688709692442673,-23.780174016365883,3.8096260483604576
2002-02-28,-44.28533533161777,7.8721030838798525,-24.18517131712467,3.331148157816928
2002-03-01,-45.23443796089946,6.949661000462801,-23.49122685784072,3.3944937383638716
2002-03-02,-45.25493665318366,8.43712447740877,-22.850540308094875,3.175359820503219
2002-03-03,-43.816358054674524,9.356589086632686,-20.904004780224383,2.640390447014618
2002-03-04,-44.05227901782768,10.228012791938214,-20.01079357227373,3.4043298585174444
2002-03-05,-44.808545579939704,10.214992248882426,-21.08632675455997,3.383776474271669
2002-03-06,-44.63570155792612,9.22491953396738,-20.37674726020031,3.7382005904673425
2002-03-07,-45.83679392712577,9.000385943306314,-19.300057558858345,2.9460518906549664
2002-03-08,-47.77397278659196,9.143434721075774,-18.961002387189062,2.0420610217326116
2002-03-09,-47.20416411790847,9.084380120965278,-20.922671411355445,2.492251338303995
2002-03-10,-47.68196174102764,9.19062820780259,-19.46599811188474,2.925296865379424
2002-03-11,-45.82613441350538,9.71354864184264,-18.240092486262558,2.2692981237437455
2002-03-12,-43.882796495899406,8.135977217113057,-18.823179813173923,2.468417769082268
2002-03-13,-44.433820538028016,8.744424251619726,-18.387424613113907,2.569040244680597
2002-03-14,-45.71344834096567,7.3928340777128465,-19.146942035536615,4.1327679047043775
2002-03-15,-46.25509107486399,8.1026638052874,-18.894229814026982,4.117068779575482
2002-03-16,-43.7568312974576,5.568111343101599,-19.65850647645775,2.8793349102908294
2002-03-17,-41.73318314884769,5.3808898414880035,-19.22869983039846,3.3490675681471673
2002-03-18,-41.121027604475884,3.9956807317974548,-17.929505257679995,3.152883626709776
2002-03-19,-41.64749176659391,2.8748750732245263,-17.628884426311025,4.268856411038815
2002-03-20,-40.665631238555434,4.515290122355992,-19.012186741386746,3.9596101821387952
2002-03-21,-41.76411965468093,4.167838351868062,-18.600014909003928,3.0791767117900077
2002-03-22,-42.6705574913363,3.215667116669189,-17.42803673553035,3.770082196909517
2002-03-23,-43.549971629511596,4.278597446059065,-16.415348050305134,1.8747411613245006
2002-03-24,-44.62665767699361,4.739137645208258,-16.73462248907586,0.9152147030796491
2002-03-25,-45.44626689352773,6.023450740543568,-15.657701703187605,0.8036925600154512
2002-03-26,-45.44878298760674,5.738567866558646,-16.53729794020323,0.4120186062478767
2002-03-27,-44.094994883373346,5.526985720884863,-14.829717998056465,0.6080017436225761
2002-03-28,-43.88383856877833,6.556951767540747,-15.054775408534997,0.10169795266982617
2002-03-29,-45.9458418324243,6.985845310655297,-14.8555583247447,0.8834178095327614
2002-03-30,-47.80240212675085,7.182556223691622,-15.621297065808525,1.4162348802036009
2002-03-31,-47.55900985606833,7.622971957773767,-15.700725083680886,1.0727906468679282
2002-04-01,-47.118683884038155,6.686572216030632,-14.042306609536785,1.8908596605304209
2002-04-02,-47.59570043738649,6.307551180046201,-13.067091961756546,1.7987388980771288
2002-04-03,-48.32021375289581,6.802061656164323,-12.783689171137656,2.624429790009766
2002-04-04,-47.042101121300746,7.4356816822992675,-11.123339623947931,2.373854470632846
2002-04-05,-47.2271397205827,7.845143228867794,-11.520466832268928,0.9812919888057083
2002-04-06,-46.378929301900214,7.543267566178762,-11.371621935244908,1.3120499284396174
2002-04-07,-45.2281523939337,10.251141271300956,-9.627815810652335,0.32096409621295496
2002-04-08,-43.23883153841124,11.411255620461315,-10.265437766397396,1.4648637325183598
2002-04-09,-41.38877623192039,10.23475197582416,-8.944535790818342,1.918411884115634
2002-04-10,-41.28975035663946,9.931357909597427,-10.082488685525593,3.7587835824719824
2002-04-11,-41.812547288798086,8.94098990674614,-9.714005257349179,5.139903679644915
2002-04-12,-42.64232152034272,9.906504687714731,-11.298714570154356,5.514937169918524
2002-04-13,-43.562835748721845,9.516044053681258,-10.943503902769873,6.343950323082799
2002-04-14,-45.297308761043034,7.1961161585664435,-10.697084443014464,5.693402256586916
2002-04-15,-44.87144519714873,9.134578625115749,-11.021042477952086,6.416015183629913
2002-04-16,-47.526452775986556,10.603837652960696,-10.134575636925566,6.88818109407004
2002-04-17,-47.56527779167133,10.323705779404488,-10.520701890616614,6.267870473637599
2002-04-18,-47.49651596243942,12.05002731476523,-9.143417096003125,7.915949966482909
2002-04-19,-47.742244040022655,12.756024851656225,-10.556773836302355,9.444411485962553
2002-04-20,-48.31470984512887,13.773284403904874,-11.227985111198869,8.747236050633884
2002-04-21,-48.27850960996307,15.172265321953686,-11.75935971542649,8.459140573561665
2002-04-22,-48.29704134209851,15.01857472278975,-12.615676119766775,7.968457190092165
2002-04-23,-49.49141156041355,15.598845307282762,-12.685450748093661,6.144171901385938
2002-04-24,-49.76309398244804,16.107531586191918,-12.055469495121885,6.241790155223407
2002-04-25,-49.07174629860917,14.45692785422311,-12.454550022290134,5.867315746708247
2002-04-26,-48.313860760891075,16.195869089683104,-12.315777391120575,7.581211149496191
2002-04-27,-48.66923993561156,17.24126213763195,-12.684265942686295,6.21915774594058
2002-04-28,-49.03826872422392,18.317158790438903,-13.613556009190741,7.2599972157179895
2002-04-29,-49.19877111909963,17.57528518472641,-13.523991966492868,8.314725530155322
2002-04-30,-49.07073845157157,15.918480279942525,-14.995733969557657,7.968705736851041
2002-05-01,-48.56571006724878,15.726980310346667,-15.157664889073263,8.571674730340717
2002-05-02,-47.14356780318305,16.36868909382404,-14.059234169267466,7.388638172037627
2002-05-03,-48.098219305047124,15.944472334669168,-15.893376235845333,8.807902404984286
2002-05-04,-49.17831428639324,16.258286660086263,-15.991954719497743,7.799766102097207
2002-05-05,-49.44247753987403,17.459454218453182,-16.59980279522907,8.265161795072457
2002-05-06,-49.71977161146807,17.11644900817416,-16.207447204407448,8.381836747990876
2002-05-07,-49.29970395423123,17.64283468234418,-15.735955846453281,11.23650673708605
2002-05-08,-50.41957870416232,17.828995744404967,-14.513198658214137,11.943676297607118
2002-05-09,-50.12811493851662,17.658889671289987,-14.030410487211771,10.582642733962238
2002-05-10,-50.05834275177331,17.87869336489131,-13.067500814039361,9.553306185088873
2002-05-11,-49.264515879025936,18.1641383533055,-12.478749717894681,8.544545984575546
2002-05-12,-48.46032669324021,19.994414713143268,-11.18343779667576,7.380995020835053
2002-05-13,-48.949390921802696,20.626058289774477,-11.841102939312776,8.822273860452945
2002-05-14,-48.82809631070572,22.16237531127771,-10.013023695029037,7.8158893498896855
2002-05-15,-49.96431850932932,23.549643405023694,-7.638052618630098,6.753548161925771
2002-05-16,-49.58514163428586,23.115208320098944,-9.665852249648974,4.956287170847091
2002-05-17,-49.61407455909616,21.99527585986976,-9.238180231613116,4.298952035495244
2002-05-18,-49.16970866887621,21.991464030185703,-10.664698328703683,4.945153791602394
2002-05-19,-49.892957666785215,22.390784024592417,-11.97029561833174,4.059046065733829
2002-05-20,-49.75425679079246,24.143475812222036,-13.708217299268544,3.9088689175144755
2002-05-21,-49.36609999024276,24.1753719894172,-14.505296268572577,3.696652803580005
2002-05-22,-50.52484523401891,26.232860426892646,-15.20599363632584,4.3496088075122685
2002-05-23,-50.726073384502584,27.187739958273028,-15.772005507437015,5.122092649569904
2002-05-24,-50.581243865988775,27.229317303111888,-14.915869648974667,2.5406474415017795
2002-05-25,-51.559583864678956,27.863197671086,-15.526667950315256,3.8045404713695183
2002-05-26,-52.069011181170396,27.596210400299913,-16.899468401501547,3.3943413582525497
2002-05-27,-51.38747549945614,26.609759150293293,-17.985288867999834,3.865341197992395
2002-05-28,-50.973780265864065,28.264500524853876,-17.915608470971364,3.7237261810812723
2002-05-29,-51.20372359873094,28.230172746527607,-17.816879125324437,4.375758634612215
2002-05-30,-52.42760837363077,28.314534766925078,-17.732703324853492,4.871019125096819
2002-05-31,-49.57974515483743,27.360559707794916,-17.16402135017093,6.1305659739164335
2002-06-01,-49.65512389937059,26.959896836441054,-19.11286809592709,7.221502363986112
2002-06-02,-49.12294912862629,28.444335948072847,-19.399430791200622,6.475106803813574
2002-06-03,-47.851829485710944,29.107329877907894,-20.24600803400876,7.360639400918772
2002-06-04,-46.66561382371867,28.325819283858586,-21.111334368512814,7.999418716478385
2002-06-05,-48.25998423269129,28.54273935461571,-20.143909403095012,7.610399908233947
2002-06-06,-46.63121339478304,29.202213591126224,-19.9150279087699,7.181142574114604
2002-06-07,-44.60960775070332,30.36498225751737,-18.94707770839902,7.517944998123298
2002-06-08,-44.71144529255776,30.49071392156046,-18.282231962797518,7.576159462774767
2002-06-09,-44.56196168238212,32.07162112468637,-17.387027632304097,6.6482297556145165
2002-06-10,-45.8622789804636,33.18952761479445,-18.704019113389844,7.520158073582724
2002-06-11,-46.89100207394391,32.99097337194644,-18.25085650193653,7.370670439973838
2002-06-12,-46.11390707173587,32.786391492478195,-18.07182336828961,7.045606049397292
2002-06-13,-45.86397410735706,33.74244581863411,-17.26237635637094,7.121306851910306
2002-06-14,-46.13783279445123,34.485780975150305,-15.741351553311361,7.798313408190193
2002-06-15,-46.46912574317053,34.2976996421867,-16.404548276723983,9.033399312777789
2002-06-16,-45.46836963040419,33.430658594489636,-17.0463983352566,8.452859130816698
2002-06-17,-45.963020785834146,34.596921059655294,-17.574186399560368,9.191560032256227
2002-06-18,-48.04836208042658,34.15187469159834,-16.858727093678507,8.920872720531143
2002-06-19,-47.56491736466825,35.128555037334955,-18.41086227096815,10.645786525272827
2002-06-20,-48.03771514242499,35.797808788976596,-17.035403289442694,11.559650693432793
2002-06-21,-47.9655154266532,36.15408128672087,-18.64009148165571,11.612105839021037
2002-06-22,-47.60228764991298,35.55266280151596,-17.72237250530456,11.048281545499052
2002-06-23,-47.438412831077834,35.19447540670814,-19.073755851390647,10.945779485072947
2002-06-24,-47.11404621244084,36.164340769441466,-18.777371530473904,10.472927043368573
2002-06-25,-47.93796773151495,36.53304745317774,-18.619989537549202,9.252693959049601
2002-06-26,-47.48548303954294,35.79870349453158,-19.875531325470337,10.3707863672693
2002-06-27,-47.12484393327385,35.313307093511376,-17.615751661798395,10.50713420635191
2002-06-28,-48.059955299969424,34.043847276299196,-16.78589702390231,10.843926777980958
2002-06-29,-48.611082993853884,33.62060418569406,-16.23716813613411,12.120620084769941
2002-06-30,-48.64919471384321,33.26598493672437,-16.148577381327183,13.178285208561197
2002-07-01,-48.58159363108214,31.958011264938204,-16.403402750173296,13.49473898316197
2002-07-02,-48.565620907365734,33.752581610099085,-15.947943234572652,13.248280802749196
2002-07-03,-50.1048273012408,33.837145426478166,-14.509645757341852,11.635942258384617
2002-07-04,-51.903292210990834,34.60878544607054,-14.070266033219632,11.14406247097628
2002-07-05,-50.95296218058452,33.83629240997126,-14.707446735238042,12.125084332570605
2002-07-06,-52.05451657657607,35.84398984538724,-13.94015034367035,12.868182222674767
2002-07-07,-51.37131615479404,36.052126460709744,-15.447165625488818,13.548709617634826
2002-07-08,-52.180900749588574,35.304644687475175,-15.906873018478963,13.261811778429339
2002-07-09,-52.76773869709961,37.28486088083864,-15.225619345545384,14.872167338023388
2002-07-10,-52.96767720460418,37.7652408892986,-16.70369678330038,14.799537573010642
2002-07-11,-53.07284878850876,38.0076077964175,-17.07487370605918,16.636237028555282
2002-07-12,-51.58866875320512,38.645228252781145,-17.208366385619307,16.30390748676114
2002-07-13,-52.28438806888519,40.80950530276441,-18.706202538209862,16.42399421006964
2002-07-14,-51.683937964053065,41.55526343072447,-17.151332429933955,15.544124451825361
2002-07-15,-53.00775827012335,39.962052773401254,-17.653332282290965,15.275877883830875
2002-07-16,-54.05420893644815,42.38457899013696,-15.031789712058766,14.617809420117739
2002-07-17,-53.23695826769625,41.217514513464224,-16.136995970687316,15.017019024500149
2002-07-18,-53.041124442168964,41.915296781620576,-16.937616646381382,15.197882524750781
2002-07-19,-54.48121177964517,42.995584835209186,-17.46809132119599,14.248381642466887
2002-07-20,-55.57252731865413,42.825897189235,-17.325757823898805,16.081500874714862
2002-07-21,-55.0289407251167,43.22918404930161,-16.774757566866104,16.65302110280411
2002-07-22,-55.849515965282194,42.197573761835415,-16.41172401843141,17.281975605848807
2002-07-23,-55.70092599935861,39.6736277246897,-15.683180607929735,17.23627349704468
2002-07-24,-55.50357194647325,40.0081351608074,-15.861113235253013,17.334149566351606
2002-07-25,-55.4534680158139,39.768956025937825,-16.53701811165207,16.94171969857926
2002-07-26,-55.47090995089336,40.6095912913712,-15.885872070870494,17.824755937786353
2002-07-27,-56.34086849547939,40.90642245171625,-15.655936465826601,18.368218229892612
2002-07-28,-56.76279001389553,40.70402525386041,-15.164217973777458,19.163630870217304
2002-07-29,-54.941085800263046,42.64139757650763,-14.197038728117105,20.81406543508407
2002-07-30,-54.848324961890015,42.01188446311144,-15.509518228017377,18.54251201321763
2002-07-31,-55.441995146859824,42.69101769859531,-15.325642348049039,18.663180469924985
2002-08-01,-55.393699611575364,43.338050261682845,-16.919128636388752,19.617669342555555
2002-08-02,-57.5039358730506,41.09521402188441,-16.95226446218258,19.656144939062553
2002-08-03,-58.14864817025329,40.428249626810654,-18.15511185291893,18.67598496604717
2002-08-04,-59.52192943539246,40.810520339967084,-17.877335753766687,19.118633668468284
2002-08-05,-58.18243227001093,41.56841957807963,-15.676325704126635,16.593604655113467
2002-08-06,-57.864718431636916,41.320419784505106,-17.322776839175656,15.395664898970175
2002-08-07,-58.287111899966206,40.2140239219919,-16.371624059636837,14.64540899159333
2002-08-08,-58.5345833033555,39.350355319820686,-16.797066126583104,15.43522064818423
2002-08-09,-59.77049370583069,39.395195695590886,-16.150124982800314,15.053459490839405
2002-08-10,-59.17540758044869,39.627038586355795,-16.350133253592908,14.813423824242212
2002-08-11,-59.253351016765734,39.07735404430791,-16.10384182524659,15.653290664493815
2002-08-12,-59.2462854479057,39.01071511543201,-14.103159514965679,14.470025296732638
2002-08-13,-59.80272204714039,39.634488880343056,-14.389997022743255,14.658293181286464
2002-08-14,-58.15197239526938,38.172550656335126,-13.180002969259247,14.465594612318476
2002-08-15,-58.82433845411508,37.76083416954664,-12.722280089218572,13.550712676148828
2002-08-16,-58.09567759999526,37.450180386363726,-12.385426443317574,13.818528337660263
2002-08-17,-59.590773354441225,38.641099349573814,-10.350994588020665,17.50009769601035
2002-08-18,-62.0952730070335,37.12538447228923,-11.981898873300631,17.284722055177234
2002-08-19,-62.10987597179845,37.05804678625959,-11.832670009847861,18.57922021681466
2002-08-20,-61.0243864848105,35.93993859146637,-11.564499748259777,19.034072860674485
2002-08-21,-61.26383193536996,34.591684717482806,-11.119837793796185,20.203550915765145
2002-08-22,-62.5279044289384,33.25797143054143,-10.455590674460048,19.768024763507906
2002-08-23,-62.3492041072403,34.03156138124862,-7.816512441407424,20.316199562092077
2002-08-24,-61.45240640008748,35.12384995217004,-9.020766419298,19.36443472686732
2002-08-25,-60.774959030594125,34.364004634947236,-10.023466671810795,21.087139724572758
2002-08-26,-59.7605866219037,33.86058221116993,-11.046628280151316,20.063032366691388
2002-08-27,-60.59909346131487,32.643884392612016,-11.54841774464036,20.426427746716215
2002-08-28,-59.36542287154008,32.1002676943801,-10.603655026292872,20.602358497279955
2002-08-29,-57.83172297399507,30.663544468670754,-11.861961496594823,20.026007704110768
2002-08-30,-58.74226011351194,29.56729347710708,-11.549431927705806,20.572776208148845
2002-08-31,-57.87048657417476,29.198987513405996,-11.105523394198713,21.61881830087292
2002-09-01,-58.02560473782422,29.211870719089838,-11.262353640947875,20.653721937304876
2002-09-02,-60.03540872726909,28.27174702687977,-10.850455152636698,20.522071464208995
2002-09-03,-60.40854588482259,29.170283532045133,-13.024547385656561,20.791555777241992
2002-09-04,-60.26405224105488,29.818687919584825,-10.474354210615385,20.41102093898491
2002-09-05,-61.29501426612145,30.245546919870094,-10.282718767419807,20.010596095119844
2002-09-06,-62.10895846995134,30.804903772930665,-10.417205116952982,18.204715181659935
2002-09-07,-61.814539815812644,29.228802723296013,-9.377446967101612,18.324463821134774
2002-09-08,-63.1660539421233,29.300884269624373,-8.738703305064677,17.65759211380015
2002-09-09,-63.523054241545765,30.523520435510655,-9.379614987590609,17.105148419999928
2002-09-10,-63.21263010069959,30.222748158804368,-8.531365856325987,16.23989734501267
2002-09-11,-63.71312136639312,29.465766030527465,-8.840746559513324,15.654741548586145
2002-09-12,-63.02367479678662,27.769935961829106,-8.853350105414503,15.351706699372919
2002-09-13,-62.99731514988009,28.836210774949613,-9.312666779140462,16.16606543885541
2002-09-14,-63.98497460187189,29.45323119795422,-10.29500461098051,15.452985211928151
2002-09-15,-64.06959305941935,29.576041688892374,-10.758641200396859,15.740808443797988
2002-09-16,-65.91827215559627,28.918927542051897,-9.373217505449723,17.992962303481185
2002-09-17,-66.22491330070602,29.311305997892852,-9.714360281879802,18.04951014162322
2002-09-18,-65.42304566043003,28.733421934645506,-9.329492382770274,17.066074802126906
2002-09-19,-67.55004913801616,28.315524123781167,-8.730303775609611,15.319281850465966
2002-09-20,-66.8537849361134,26.67933167631264,-9.458988213532674,15.910205755060817
2002-09-21,-68.09967903968727,25.748536130015648,-8.385823966776723,16.077595842575697
2002-09-22,-66.9573641862645,27.145640147099236,-8.15940529698363,16.818652570733715
2002-09-23,-64.88967074372351,27.986314872408094,-8.278748872605108,15.453403596825837
2002-09-24,-62.79263032419791,28.705248387843998,-7.399368673465609,15.287342438325297
2002-09-25,-63.2875341414176,27.699204907753142,-7.1267127467797,15.71332422985294
2002-09-26,-63.88279939949024,26.75816597566192,-7.449295714957182,15.381665083153587
